{"cameraMode":{"drawMode":0,"name":"Shaded","section":"Shading Mode"},"sceneLighting":true,"audioPlay":false,"sceneViewState":{"m_AlwaysRefresh":false,"showFog":true,"showSkybox":true,"showFlares":true,"showImageEffects":true,"showParticleSystems":true,"showVisualEffectGraphs":true,"m_FxEnabled":true},"in2DMode":false,"pivot":{"x":2.607642650604248,"y":11.326626777648926,"z":8.348700523376465},"rotation":{"x":-0.07540211081504822,"y":0.18496955931186677,"z":-0.014235297217965126,"w":-0.9797447323799133},"size":10.007499694824219,"orthographic":false}